{"stats":{"minecraft:mined":{"minecraft:short_grass":6},"minecraft:killed":{"minecraft:sheep":2},"minecraft:custom":{"minecraft:jump":38,"minecraft:time_since_rest":2377,"minecraft:damage_dealt":175,"minecraft:play_time":2377,"minecraft:leave_game":4,"minecraft:sprint_one_cm":2878,"minecraft:damage_taken":30,"minecraft:time_since_death":2377,"minecraft:walk_one_cm":2074,"minecraft:sneak_time":23,"minecraft:total_world_time":2477,"minecraft:mob_kills":2,"minecraft:fall_one_cm":1196,"minecraft:fly_one_cm":29250},"minecraft:picked_up":{"minecraft:black_wool":1,"minecraft:mutton":3,"minecraft:wheat_seeds":2,"minecraft:white_wool":1}},"DataVersion":3955}